rho,mu,eta,kappa,topo,n_seeds,delta,p_boot,p_wil,bh,med_ok,het_seeds,conv_seeds,modal_lib,inversion
1,0.1,2,0.25,bridge,8,-0.1086,0.4232,0.1097,0,1,0,8,burn_then_protect,0
1,0.1,2,0.25,sbm,8,-0.2962,0,1.409e-11,1,1,0,8,burn_then_protect,0
1,0.1,2,0.5,bridge,8,0.1724,1,0.9996,0,0,0,2,burn_then_protect,0
1,0.1,2,0.5,sbm,8,-0.0332,0.9434,0.122,0,1,0,6,burn_then_protect,0
1,0.1,2,1.0,bridge,8,0.6633,1,1,0,0,0,0,burn_then_protect,0
1,0.1,2,1.0,sbm,8,0.3967,1,1,0,1,0,0,burn_then_protect,0
1,0.1,5,0.25,bridge,8,0.1116,1,0.9935,0,0,0,3,burn_then_protect,0
1,0.1,5,0.25,sbm,8,-0.1218,0.3021,0.006427,0,1,0,6,burn_then_protect,0
1,0.1,5,0.5,bridge,8,0.3729,1,1,0,0,0,0,burn_then_protect,0
1,0.1,5,0.5,sbm,8,0.1076,1,0.8664,0,1,0,3,burn_then_protect,0
1,0.1,5,1.0,bridge,8,0.7678,1,1,0,0,0,0,delay8,0
1,0.1,5,1.0,sbm,8,0.4876,1,1,0,0,0,0,burn_then_protect,0
1,0.1,8,0.25,bridge,8,0.2880,1,1,0,0,0,0,protect_only,0
1,0.1,8,0.25,sbm,8,-0.0286,0.9442,0.2185,0,1,0,6,protect_only,0
1,0.1,8,0.5,bridge,8,0.5408,1,1,0,0,0,0,burn_then_protect,0
1,0.1,8,0.5,sbm,8,0.2308,1,0.998,0,1,0,0,burn_then_protect,0
1,0.1,8,1.0,bridge,8,0.8608,1,1,0,0,0,0,delay8,0
1,0.1,8,1.0,sbm,8,0.5676,1,1,0,0,0,0,burn_then_protect,0
1,0.2,2,0.25,bridge,8,-0.1086,0.4232,0.1097,0,1,0,8,burn_then_protect,0
1,0.2,2,0.25,sbm,8,-0.2026,0.0044,6.808e-05,0,1,0,8,burn_then_protect,0
1,0.2,2,0.5,bridge,8,0.1724,1,0.9996,0,0,0,2,burn_then_protect,0
1,0.2,2,0.5,sbm,8,0.0791,1,0.7953,0,0,0,4,burn_then_protect,0
1,0.2,2,1.0,bridge,8,0.6633,1,1,0,0,0,0,burn_then_protect,0
1,0.2,2,1.0,sbm,8,0.5701,1,1,0,0,0,0,burn_then_protect,0
1,0.2,5,0.25,bridge,8,0.1116,1,0.9935,0,0,0,3,burn_then_protect,0
1,0.2,5,0.25,sbm,8,-0.0722,0.7424,0.09108,0,1,0,7,protect_only,0
1,0.2,5,0.5,bridge,8,0.3729,1,1,0,0,0,0,burn_then_protect,0
1,0.2,5,0.5,sbm,8,0.2037,1,0.9962,0,0,0,1,burn_then_protect,0
1,0.2,5,1.0,bridge,8,0.7678,1,1,0,0,0,0,delay8,0
1,0.2,5,1.0,sbm,8,0.6329,1,1,0,0,0,0,burn_then_protect,0
1,0.2,8,0.25,bridge,8,0.2880,1,1,0,0,0,0,protect_only,0
1,0.2,8,0.25,sbm,8,-0.0034,0.9783,0.4457,0,1,0,6,protect_only,0
1,0.2,8,0.5,bridge,8,0.5408,1,1,0,0,0,0,burn_then_protect,0
1,0.2,8,0.5,sbm,8,0.2831,1,0.9999,0,0,0,1,burn_then_protect,0
1,0.2,8,1.0,bridge,8,0.8608,1,1,0,0,0,0,delay8,0
1,0.2,8,1.0,sbm,8,0.6922,1,1,0,0,0,0,burn_then_protect,0
1,0.3,2,0.25,bridge,8,-0.1086,0.4232,0.1097,0,1,0,8,burn_then_protect,0
1,0.3,2,0.25,sbm,8,-0.1491,0.0996,0.00438,0,1,0,7,burn_then_protect,0
1,0.3,2,0.5,bridge,8,0.1724,1,0.9996,0,0,0,2,burn_then_protect,0
1,0.3,2,0.5,sbm,8,0.1392,1,0.9934,0,0,0,2,burn_then_protect,0
1,0.3,2,1.0,bridge,8,0.6633,1,1,0,0,0,0,burn_then_protect,0
1,0.3,2,1.0,sbm,8,0.6162,1,1,0,0,0,0,burn_then_protect,0
1,0.3,5,0.25,bridge,8,0.1116,1,0.9935,0,0,0,3,burn_then_protect,0
1,0.3,5,0.25,sbm,8,-0.0152,0.9783,0.3282,0,1,0,5,protect_only,0
1,0.3,5,0.5,bridge,8,0.3729,1,1,0,0,0,0,burn_then_protect,0
1,0.3,5,0.5,sbm,8,0.2582,1,1,0,0,0,1,burn_then_protect,0
1,0.3,5,1.0,bridge,8,0.7678,1,1,0,0,0,0,delay8,0
1,0.3,5,1.0,sbm,8,0.6594,1,1,0,0,0,0,burn_then_protect,0
1,0.3,8,0.25,bridge,8,0.2880,1,1,0,0,0,0,protect_only,0
1,0.3,8,0.25,sbm,8,0.0648,0.9998,0.8278,0,0,0,3,protect_only,0
1,0.3,8,0.5,bridge,8,0.5408,1,1,0,0,0,0,burn_then_protect,0
1,0.3,8,0.5,sbm,8,0.3235,1,1,0,0,0,1,protect_only,0
1,0.3,8,1.0,bridge,8,0.8608,1,1,0,0,0,0,delay8,0
1,0.3,8,1.0,sbm,8,0.6915,1,1,0,0,0,0,burn_then_protect,0
1,0.4,2,0.25,bridge,8,-0.0879,0.6221,0.1953,0,1,0,7,burn_then_protect,0
1,0.4,2,0.25,sbm,8,-0.1779,0.0156,9.388e-05,0,1,0,8,burn_then_protect,0
1,0.4,2,0.5,bridge,8,0.1995,1,0.9999,0,0,0,1,burn_then_protect,0
1,0.4,2,0.5,sbm,8,0.1024,1,0.9893,0,0,0,1,burn_then_protect,0
1,0.4,2,1.0,bridge,8,0.6928,1,1,0,0,0,0,burn_then_protect,0
1,0.4,2,1.0,sbm,8,0.5752,1,1,0,0,0,0,burn_then_protect,0
1,0.4,5,0.25,bridge,8,0.1366,1,0.9982,0,0,0,3,burn_then_protect,0
1,0.4,5,0.25,sbm,8,-0.0569,0.8779,0.08032,0,1,0,7,protect_only,0
1,0.4,5,0.5,bridge,8,0.4021,1,1,0,0,0,0,burn_then_protect,0
1,0.4,5,0.5,sbm,8,0.2014,1,0.9999,0,0,0,0,burn_then_protect,0
1,0.4,5,1.0,bridge,8,0.8133,1,1,0,0,0,0,delay8,0
1,0.4,5,1.0,sbm,8,0.6078,1,1,0,0,0,0,burn_then_protect,0
1,0.4,8,0.25,bridge,8,0.3139,1,1,0,0,0,0,protect_only,0
1,0.4,8,0.25,sbm,8,0.0229,0.9993,0.5343,0,1,0,6,protect_only,0
1,0.4,8,0.5,bridge,8,0.5765,1,1,0,0,0,0,burn_then_protect,0
1,0.4,8,0.5,sbm,8,0.2552,1,1,0,0,0,0,protect_only,0
1,0.4,8,1.0,bridge,8,0.8964,1,1,0,0,0,0,delay8,0
1,0.4,8,1.0,sbm,8,0.6212,1,1,0,0,0,0,burn_then_protect,0
2,0.1,2,0.25,bridge,8,0.3319,1,1,0,0,0,0,burn_then_protect,0
2,0.1,2,0.25,sbm,8,0.0600,0.9998,0.8803,0,1,0,5,burn_then_protect,0
2,0.1,2,0.5,bridge,8,0.5782,1,1,0,0,0,0,burn_then_protect,0
2,0.1,2,0.5,sbm,8,0.2719,1,0.9997,0,1,0,1,burn_then_protect,0
2,0.1,2,1.0,bridge,8,0.8381,1,1,0,0,0,0,delay8,0
2,0.1,2,1.0,sbm,8,0.5793,1,1,0,1,0,0,delay8,0
2,0.1,5,0.25,bridge,8,0.6106,1,1,0,0,0,0,protect_only,0
2,0.1,5,0.25,sbm,8,0.2025,1,0.9864,0,0,0,0,protect_only,0
2,0.1,5,0.5,bridge,8,0.8282,1,1,0,0,0,0,burn_then_protect,0
2,0.1,5,0.5,sbm,8,0.4549,1,1,0,0,0,0,burn_then_protect,0
2,0.1,5,1.0,bridge,8,0.9697,1,1,0,0,0,0,delay8,0
2,0.1,5,1.0,sbm,8,0.6951,1,1,0,1,0,0,delay8,0
2,0.1,8,0.25,bridge,8,0.7373,1,1,0,0,0,0,protect_only,0
2,0.1,8,0.25,sbm,8,0.2561,1,0.9966,0,0,0,0,protect_only,0
2,0.1,8,0.5,bridge,8,0.9655,1,1,0,0,0,0,delay8,0
2,0.1,8,0.5,sbm,8,0.5281,1,1,0,0,0,0,protect_only,0
2,0.1,8,1.0,bridge,8,1.0559,1,1,0,0,0,0,delay8,0
2,0.1,8,1.0,sbm,8,0.8005,1,1,0,1,0,0,delay8,0
2,0.2,2,0.25,bridge,8,0.3319,1,1,0,0,0,0,burn_then_protect,0
2,0.2,2,0.25,sbm,8,0.0843,1,0.8571,0,0,0,2,burn_then_protect,0
2,0.2,2,0.5,bridge,8,0.5782,1,1,0,0,0,0,burn_then_protect,0
2,0.2,2,0.5,sbm,8,0.3411,1,1,0,0,0,0,burn_then_protect,0
2,0.2,2,1.0,bridge,8,0.8381,1,1,0,0,0,0,delay8,0
2,0.2,2,1.0,sbm,8,0.7015,1,1,0,0,0,0,delay8,0
2,0.2,5,0.25,bridge,8,0.6106,1,1,0,0,0,0,protect_only,0
2,0.2,5,0.25,sbm,8,0.1851,1,0.992,0,0,0,1,protect_only,0
2,0.2,5,0.5,bridge,8,0.8282,1,1,0,0,0,0,burn_then_protect,0
2,0.2,5,0.5,sbm,8,0.4557,1,1,0,0,0,0,protect_only,0
2,0.2,5,1.0,bridge,8,0.9697,1,1,0,0,0,0,delay8,0
2,0.2,5,1.0,sbm,8,0.7804,1,1,0,0,0,0,delay8,0
2,0.2,8,0.25,bridge,8,0.7373,1,1,0,0,0,0,protect_only,0
2,0.2,8,0.25,sbm,8,0.2466,1,0.9986,0,0,0,1,protect_only,0
2,0.2,8,0.5,bridge,8,0.9655,1,1,0,0,0,0,delay8,0
2,0.2,8,0.5,sbm,8,0.4847,1,1,0,0,0,0,protect_only,0
2,0.2,8,1.0,bridge,8,1.0559,1,1,0,0,0,0,delay8,0
2,0.2,8,1.0,sbm,8,0.8094,1,1,0,0,0,0,delay8,0
2,0.3,2,0.25,bridge,8,0.3319,1,1,0,0,0,0,burn_then_protect,0
2,0.3,2,0.25,sbm,8,0.1255,1,0.9697,0,0,0,2,protect_only,0
2,0.3,2,0.5,bridge,8,0.5782,1,1,0,0,0,0,burn_then_protect,0
2,0.3,2,0.5,sbm,8,0.3697,1,1,0,0,0,0,burn_then_protect,0
2,0.3,2,1.0,bridge,8,0.8381,1,1,0,0,0,0,delay8,0
2,0.3,2,1.0,sbm,8,0.7246,1,1,0,0,0,0,burn_then_protect,0
2,0.3,5,0.25,bridge,8,0.6106,1,1,0,0,0,0,protect_only,0
2,0.3,5,0.25,sbm,8,0.2305,1,0.998,0,0,0,2,protect_only,0
2,0.3,5,0.5,bridge,8,0.8282,1,1,0,0,0,0,burn_then_protect,0
2,0.3,5,0.5,sbm,8,0.4480,1,1,0,0,0,0,protect_only,0
2,0.3,5,1.0,bridge,8,0.9697,1,1,0,0,0,0,delay8,0
2,0.3,5,1.0,sbm,8,0.7521,1,1,0,0,0,0,delay8,0
2,0.3,8,0.25,bridge,8,0.7373,1,1,0,0,0,0,protect_only,0
2,0.3,8,0.25,sbm,8,0.2859,1,0.9996,0,0,0,2,protect_only,0
2,0.3,8,0.5,bridge,8,0.9655,1,1,0,0,0,0,delay8,0
2,0.3,8,0.5,sbm,8,0.4677,1,1,0,0,0,0,protect_only,0
2,0.3,8,1.0,bridge,8,1.0559,1,1,0,0,0,0,delay8,0
2,0.3,8,1.0,sbm,8,0.7418,1,1,0,0,0,0,delay8,0
2,0.4,2,0.25,bridge,8,0.3539,1,1,0,0,0,0,burn_then_protect,0
2,0.4,2,0.25,sbm,8,0.0564,1,0.8237,0,1,0,4,protect_only,0
2,0.4,2,0.5,bridge,8,0.6040,1,1,0,0,0,0,burn_then_protect,0
2,0.4,2,0.5,sbm,8,0.2956,1,1,0,0,0,0,burn_then_protect,0
2,0.4,2,1.0,bridge,8,0.8863,1,1,0,0,0,0,delay8,0
2,0.4,2,1.0,sbm,8,0.6751,1,1,0,0,0,0,burn_then_protect,0
2,0.4,5,0.25,bridge,8,0.6301,1,1,0,0,0,0,protect_only,0
2,0.4,5,0.25,sbm,8,0.1625,1,0.9937,0,0,0,0,protect_only,0
2,0.4,5,0.5,bridge,8,0.8373,1,1,0,0,0,0,burn_then_protect,0
2,0.4,5,0.5,sbm,8,0.3602,1,1,0,0,0,0,protect_only,0
2,0.4,5,1.0,bridge,8,0.9905,1,1,0,0,0,0,delay8,0
2,0.4,5,1.0,sbm,8,0.6872,1,1,0,0,0,0,burn_then_protect,0
2,0.4,8,0.25,bridge,8,0.7483,1,1,0,0,0,0,protect_only,0
2,0.4,8,0.25,sbm,8,0.2487,1,0.9999,0,0,0,0,protect_only,0
2,0.4,8,0.5,bridge,8,0.9967,1,1,0,0,0,0,delay8,0
2,0.4,8,0.5,sbm,8,0.4124,1,1,0,0,0,0,protect_only,0
2,0.4,8,1.0,bridge,8,1.0951,1,1,0,0,0,0,delay8,0
2,0.4,8,1.0,sbm,8,0.7018,1,1,0,0,0,0,protect_only,0
5,0.1,2,0.25,bridge,8,1.0061,1,1,0,0,0,0,delay8,0
5,0.1,2,0.25,sbm,8,0.6382,1,1,0,0,0,0,protect_only,0
5,0.1,2,0.5,bridge,8,1.0465,1,1,0,0,0,0,delay8,0
5,0.1,2,0.5,sbm,8,0.7802,1,1,0,0,0,0,delay8,0
5,0.1,2,1.0,bridge,8,1.0468,1,1,0,0,0,0,delay8,0
5,0.1,2,1.0,sbm,8,0.8001,1,1,0,0,0,0,delay8,0
5,0.1,5,0.25,bridge,8,1.2301,1,1,0,0,0,0,delay8,0
5,0.1,5,0.25,sbm,8,0.6901,1,1,0,0,0,0,protect_only,0
5,0.1,5,0.5,bridge,8,1.2711,1,1,0,0,0,0,delay8,0
5,0.1,5,0.5,sbm,8,0.8822,1,1,0,0,0,0,delay8,0
5,0.1,5,1.0,bridge,8,1.2918,1,1,0,0,0,0,delay8,0
5,0.1,5,1.0,sbm,8,1.0076,1,1,0,0,0,0,delay8,0
5,0.1,8,0.25,bridge,8,1.4344,1,1,0,0,0,0,delay8,0
5,0.1,8,0.25,sbm,8,0.7157,1,1,0,0,0,0,protect_only,0
5,0.1,8,0.5,bridge,8,1.4743,1,1,0,0,0,0,delay8,0
5,0.1,8,0.5,sbm,8,0.9049,1,1,0,0,0,0,protect_only,0
5,0.1,8,1.0,bridge,8,1.4903,1,1,0,0,0,0,delay8,0
5,0.1,8,1.0,sbm,8,1.1180,1,1,0,0,0,0,delay8,0
5,0.2,2,0.25,bridge,8,1.0061,1,1,0,0,0,0,delay8,0
5,0.2,2,0.25,sbm,8,0.5583,1,1,0,0,0,0,protect_only,0
5,0.2,2,0.5,bridge,8,1.0465,1,1,0,0,0,0,delay8,0
5,0.2,2,0.5,sbm,8,0.7469,1,1,0,0,0,0,protect_only,0
5,0.2,2,1.0,bridge,8,1.0468,1,1,0,0,0,0,delay8,0
5,0.2,2,1.0,sbm,8,0.8900,1,1,0,0,0,0,delay8,0
5,0.2,5,0.25,bridge,8,1.2301,1,1,0,0,0,0,delay8,0
5,0.2,5,0.25,sbm,8,0.5838,1,1,0,0,0,0,protect_only,0
5,0.2,5,0.5,bridge,8,1.2711,1,1,0,0,0,0,delay8,0
5,0.2,5,0.5,sbm,8,0.7567,1,1,0,0,0,0,protect_only,0
5,0.2,5,1.0,bridge,8,1.2918,1,1,0,0,0,0,delay8,0
5,0.2,5,1.0,sbm,8,0.9851,1,1,0,0,0,0,delay8,0
5,0.2,8,0.25,bridge,8,1.4344,1,1,0,0,0,0,delay8,0
5,0.2,8,0.25,sbm,8,0.6605,1,1,0,0,0,0,protect_only,0
5,0.2,8,0.5,bridge,8,1.4743,1,1,0,0,0,0,delay8,0
5,0.2,8,0.5,sbm,8,0.8111,1,1,0,0,0,0,protect_only,0
5,0.2,8,1.0,bridge,8,1.4903,1,1,0,0,0,0,delay8,0
5,0.2,8,1.0,sbm,8,1.0152,1,1,0,0,0,0,protect_only,0
5,0.3,2,0.25,bridge,8,1.0061,1,1,0,0,0,0,delay8,0
5,0.3,2,0.25,sbm,8,0.5121,1,1,0,0,0,0,protect_only,0
5,0.3,2,0.5,bridge,8,1.0465,1,1,0,0,0,0,delay8,0
5,0.3,2,0.5,sbm,8,0.6719,1,1,0,0,0,0,protect_only,0
5,0.3,2,1.0,bridge,8,1.0468,1,1,0,0,0,0,delay8,0
5,0.3,2,1.0,sbm,8,0.7881,1,1,0,0,0,0,delay8,0
5,0.3,5,0.25,bridge,8,1.2301,1,1,0,0,0,0,delay8,0
5,0.3,5,0.25,sbm,8,0.6005,1,1,0,0,0,0,protect_only,0
5,0.3,5,0.5,bridge,8,1.2711,1,1,0,0,0,0,delay8,0
5,0.3,5,0.5,sbm,8,0.7243,1,1,0,0,0,0,protect_only,0
5,0.3,5,1.0,bridge,8,1.2918,1,1,0,0,0,0,delay8,0
5,0.3,5,1.0,sbm,8,0.8903,1,1,0,0,0,0,delay8,0
5,0.3,8,0.25,bridge,8,1.4344,1,1,0,0,0,0,delay8,0
5,0.3,8,0.25,sbm,8,0.7006,1,1,0,0,0,0,protect_only,0
5,0.3,8,0.5,bridge,8,1.4743,1,1,0,0,0,0,delay8,0
5,0.3,8,0.5,sbm,8,0.8094,1,1,0,0,0,0,protect_only,0
5,0.3,8,1.0,bridge,8,1.4903,1,1,0,0,0,0,delay8,0
5,0.3,8,1.0,sbm,8,0.9686,1,1,0,0,0,0,protect_only,0
5,0.4,2,0.25,bridge,8,1.0098,1,1,0,0,0,0,delay8,0
5,0.4,2,0.25,sbm,8,0.4164,1,1,0,0,0,0,protect_only,0
5,0.4,2,0.5,bridge,8,1.0686,1,1,0,0,0,0,delay8,0
5,0.4,2,0.5,sbm,8,0.5778,1,1,0,0,0,0,protect_only,0
5,0.4,2,1.0,bridge,8,1.0845,1,1,0,0,0,0,delay8,0
5,0.4,2,1.0,sbm,8,0.8312,1,1,0,0,0,0,delay8,0
5,0.4,5,0.25,bridge,8,1.2459,1,1,0,0,0,0,delay8,0
5,0.4,5,0.25,sbm,8,0.5426,1,1,0,0,0,0,protect_only,0
5,0.4,5,0.5,bridge,8,1.2894,1,1,0,0,0,0,delay8,0
5,0.4,5,0.5,sbm,8,0.6616,1,1,0,0,0,0,protect_only,0
5,0.4,5,1.0,bridge,8,1.3076,1,1,0,0,0,0,delay8,0
5,0.4,5,1.0,sbm,8,0.8992,1,1,0,0,0,0,protect_only,0
5,0.4,8,0.25,bridge,8,1.4167,1,1,0,0,0,0,delay8,0
5,0.4,8,0.25,sbm,8,0.6532,1,1,0,0,0,0,protect_only,0
5,0.4,8,0.5,bridge,8,1.4739,1,1,0,0,0,0,delay8,0
5,0.4,8,0.5,sbm,8,0.7474,1,1,0,0,0,0,protect_only,0
5,0.4,8,1.0,bridge,8,1.4928,1,1,0,0,0,0,delay8,0
5,0.4,8,1.0,sbm,8,0.9156,1,1,0,0,0,0,protect_only,0
10,0.1,2,0.25,bridge,8,1.2997,1,1,0,0,0,0,delay8,0
10,0.1,2,0.25,sbm,8,1.0225,1,1,0,0,0,0,delay8,0
10,0.1,2,0.5,bridge,8,1.3087,1,1,0,0,0,0,delay8,0
10,0.1,2,0.5,sbm,8,1.0503,1,1,0,0,0,0,delay8,0
10,0.1,2,1.0,bridge,8,1.3264,1,1,0,0,0,0,delay8,0
10,0.1,2,1.0,sbm,8,1.0547,1,1,0,0,0,0,delay8,0
10,0.1,5,0.25,bridge,8,1.6220,1,1,0,0,0,0,delay8,0
10,0.1,5,0.25,sbm,8,1.0956,1,1,0,0,0,0,protect_only,0
10,0.1,5,0.5,bridge,8,1.6278,1,1,0,0,0,0,delay8,0
10,0.1,5,0.5,sbm,8,1.1937,1,1,0,0,0,0,delay8,0
10,0.1,5,1.0,bridge,8,1.6392,1,1,0,0,0,0,delay8,0
10,0.1,5,1.0,sbm,8,1.2832,1,1,0,0,0,0,delay8,0
10,0.1,8,0.25,bridge,8,1.8400,1,1,0,0,0,0,delay8,0
10,0.1,8,0.25,sbm,8,1.0692,1,1,0,0,0,0,protect_only,0
10,0.1,8,0.5,bridge,8,1.8440,1,1,0,0,0,0,delay8,0
10,0.1,8,0.5,sbm,8,1.1851,1,1,0,0,0,0,protect_only,0
10,0.1,8,1.0,bridge,8,1.8520,1,1,0,0,0,0,delay8,0
10,0.1,8,1.0,sbm,8,1.3376,1,1,0,0,0,0,delay8,0
10,0.2,2,0.25,bridge,8,1.2997,1,1,0,0,0,0,delay8,0
10,0.2,2,0.25,sbm,8,0.9185,1,1,0,0,0,0,protect_only,0
10,0.2,2,0.5,bridge,8,1.3087,1,1,0,0,0,0,delay8,0
10,0.2,2,0.5,sbm,8,1.0047,1,1,0,0,0,0,delay8,0
10,0.2,2,1.0,bridge,8,1.3264,1,1,0,0,0,0,delay8,0
10,0.2,2,1.0,sbm,8,1.0988,1,1,0,0,0,0,delay8,0
10,0.2,5,0.25,bridge,8,1.6220,1,1,0,0,0,0,delay8,0
10,0.2,5,0.25,sbm,8,0.9469,1,1,0,0,0,0,protect_only,0
10,0.2,5,0.5,bridge,8,1.6278,1,1,0,0,0,0,delay8,0
10,0.2,5,0.5,sbm,8,1.0713,1,1,0,0,0,0,protect_only,0
10,0.2,5,1.0,bridge,8,1.6392,1,1,0,0,0,0,delay8,0
10,0.2,5,1.0,sbm,8,1.2102,1,1,0,0,0,0,delay8,0
10,0.2,8,0.25,bridge,8,1.8400,1,1,0,0,0,0,delay8,0
10,0.2,8,0.25,sbm,8,0.9954,1,1,0,0,0,0,protect_only,0
10,0.2,8,0.5,bridge,8,1.8440,1,1,0,0,0,0,delay8,0
10,0.2,8,0.5,sbm,8,1.0718,1,1,0,0,0,0,protect_only,0
10,0.2,8,1.0,bridge,8,1.8520,1,1,0,0,0,0,delay8,0
10,0.2,8,1.0,sbm,8,1.1952,1,1,0,0,0,0,protect_only,0
10,0.3,2,0.25,bridge,8,1.2997,1,1,0,0,0,0,delay8,0
10,0.3,2,0.25,sbm,8,0.8739,1,1,0,0,0,0,protect_only,0
10,0.3,2,0.5,bridge,8,1.3087,1,1,0,0,0,0,delay8,0
10,0.3,2,0.5,sbm,8,0.9330,1,1,0,0,0,0,delay8,0
10,0.3,2,1.0,bridge,8,1.3264,1,1,0,0,0,0,delay8,0
10,0.3,2,1.0,sbm,8,0.9726,1,1,0,0,0,0,delay8,0
10,0.3,5,0.25,bridge,8,1.6220,1,1,0,0,0,0,delay8,0
10,0.3,5,0.25,sbm,8,0.9464,1,1,0,0,0,0,protect_only,0
10,0.3,5,0.5,bridge,8,1.6278,1,1,0,0,0,0,delay8,0
10,0.3,5,0.5,sbm,8,1.0113,1,1,0,0,0,0,protect_only,0
10,0.3,5,1.0,bridge,8,1.6392,1,1,0,0,0,0,delay8,0
10,0.3,5,1.0,sbm,8,1.0974,1,1,0,0,0,0,delay8,0
10,0.3,8,0.25,bridge,8,1.8400,1,1,0,0,0,0,delay8,0
10,0.3,8,0.25,sbm,8,0.9742,1,1,0,0,0,0,protect_only,0
10,0.3,8,0.5,bridge,8,1.8440,1,1,0,0,0,0,delay8,0
10,0.3,8,0.5,sbm,8,1.0238,1,1,0,0,0,0,protect_only,0
10,0.3,8,1.0,bridge,8,1.8520,1,1,0,0,0,0,delay8,0
10,0.3,8,1.0,sbm,8,1.1138,1,1,0,0,0,0,protect_only,0
10,0.4,2,0.25,bridge,8,1.3237,1,1,0,0,0,0,delay8,0
10,0.4,2,0.25,sbm,8,0.7613,1,1,0,0,0,0,protect_only,0
10,0.4,2,0.5,bridge,8,1.3316,1,1,0,0,0,0,delay8,0
10,0.4,2,0.5,sbm,8,0.8610,1,1,0,0,0,0,protect_only,0
10,0.4,2,1.0,bridge,8,1.3472,1,1,0,0,0,0,delay8,0
10,0.4,2,1.0,sbm,8,1.0312,1,1,0,0,0,0,delay8,0
10,0.4,5,0.25,bridge,8,1.6226,1,1,0,0,0,0,delay8,0
10,0.4,5,0.25,sbm,8,0.8531,1,1,0,0,0,0,protect_only,0
10,0.4,5,0.5,bridge,8,1.6274,1,1,0,0,0,0,delay8,0
10,0.4,5,0.5,sbm,8,0.9204,1,1,0,0,0,0,protect_only,0
10,0.4,5,1.0,bridge,8,1.6369,1,1,0,0,0,0,delay8,0
10,0.4,5,1.0,sbm,8,1.0446,1,1,0,0,0,0,protect_only,0
10,0.4,8,0.25,bridge,8,1.8164,1,1,0,0,0,0,delay8,0
10,0.4,8,0.25,sbm,8,0.8847,1,1,0,0,0,0,protect_only,0
10,0.4,8,0.5,bridge,8,1.8212,1,1,0,0,0,0,delay8,0
10,0.4,8,0.5,sbm,8,0.9348,1,1,0,0,0,0,protect_only,0
10,0.4,8,1.0,bridge,8,1.8274,1,1,0,0,0,0,delay8,0
10,0.4,8,1.0,sbm,8,1.0334,1,1,0,0,0,0,protect_only,0
20,0.1,2,0.25,bridge,8,1.6134,1,1,0,0,0,0,delay8,0
20,0.1,2,0.25,sbm,8,1.3375,1,1,0,0,0,0,delay8,0
20,0.1,2,0.5,bridge,8,1.6182,1,1,0,0,0,0,delay8,0
20,0.1,2,0.5,sbm,8,1.3379,1,1,0,0,0,0,delay8,0
20,0.1,2,1.0,bridge,8,1.6278,1,1,0,0,0,0,delay8,0
20,0.1,2,1.0,sbm,8,1.3387,1,1,0,0,0,0,delay8,0
20,0.1,5,0.25,bridge,8,1.9428,1,1,0,0,0,0,delay8,0
20,0.1,5,0.25,sbm,8,1.4136,1,1,0,0,0,0,delay8,0
20,0.1,5,0.5,bridge,8,1.9455,1,1,0,0,0,0,delay8,0
20,0.1,5,0.5,sbm,8,1.4574,1,1,0,0,0,0,delay8,0
20,0.1,5,1.0,bridge,8,1.9510,1,1,0,0,0,0,delay8,0
20,0.1,5,1.0,sbm,8,1.5088,1,1,0,0,0,0,delay8,0
20,0.1,8,0.25,bridge,8,2.1435,1,1,0,0,0,0,delay8,0
20,0.1,8,0.25,sbm,8,1.3402,1,1,0,0,0,0,protect_only,0
20,0.1,8,0.5,bridge,8,2.1452,1,1,0,0,0,0,delay8,0
20,0.1,8,0.5,sbm,8,1.3991,1,1,0,0,0,0,protect_only,0
20,0.1,8,1.0,bridge,8,2.1487,1,1,0,0,0,0,delay8,0
20,0.1,8,1.0,sbm,8,1.4914,1,1,0,0,0,0,delay8,0
20,0.2,2,0.25,bridge,8,1.6134,1,1,0,0,0,0,delay8,0
20,0.2,2,0.25,sbm,8,1.2709,1,1,0,0,0,0,delay8,0
20,0.2,2,0.5,bridge,8,1.6182,1,1,0,0,0,0,delay8,0
20,0.2,2,0.5,sbm,8,1.3093,1,1,0,0,0,0,delay8,0
20,0.2,2,1.0,bridge,8,1.6278,1,1,0,0,0,0,delay8,0
20,0.2,2,1.0,sbm,8,1.3547,1,1,0,0,0,0,delay8,0
20,0.2,5,0.25,bridge,8,1.9428,1,1,0,0,0,0,delay8,0
20,0.2,5,0.25,sbm,8,1.2289,1,1,0,0,0,0,protect_only,0
20,0.2,5,0.5,bridge,8,1.9455,1,1,0,0,0,0,delay8,0
20,0.2,5,0.5,sbm,8,1.2734,1,1,0,0,0,0,protect_only,0
20,0.2,5,1.0,bridge,8,1.9510,1,1,0,0,0,0,delay8,0
20,0.2,5,1.0,sbm,8,1.3567,1,1,0,0,0,0,delay8,0
20,0.2,8,0.25,bridge,8,2.1435,1,1,0,0,0,0,delay8,0
20,0.2,8,0.25,sbm,8,1.1872,1,1,0,0,0,0,protect_only,0
20,0.2,8,0.5,bridge,8,2.1452,1,1,0,0,0,0,delay8,0
20,0.2,8,0.5,sbm,8,1.2256,1,1,0,0,0,0,protect_only,0
20,0.2,8,1.0,bridge,8,2.1487,1,1,0,0,0,0,delay8,0
20,0.2,8,1.0,sbm,8,1.2955,1,1,0,0,0,0,protect_only,0
20,0.3,2,0.25,bridge,8,1.6134,1,1,0,0,0,0,delay8,0
20,0.3,2,0.25,sbm,8,1.1053,1,1,0,0,0,0,delay8,0
20,0.3,2,0.5,bridge,8,1.6182,1,1,0,0,0,0,delay8,0
20,0.3,2,0.5,sbm,8,1.1172,1,1,0,0,0,0,delay8,0
20,0.3,2,1.0,bridge,8,1.6278,1,1,0,0,0,0,delay8,0
20,0.3,2,1.0,sbm,8,1.1404,1,1,0,0,0,0,delay8,0
20,0.3,5,0.25,bridge,8,1.9428,1,1,0,0,0,0,delay8,0
20,0.3,5,0.25,sbm,8,1.1902,1,1,0,0,0,0,protect_only,0
20,0.3,5,0.5,bridge,8,1.9455,1,1,0,0,0,0,delay8,0
20,0.3,5,0.5,sbm,8,1.2152,1,1,0,0,0,0,delay8,0
20,0.3,5,1.0,bridge,8,1.9510,1,1,0,0,0,0,delay8,0
20,0.3,5,1.0,sbm,8,1.2601,1,1,0,0,0,0,delay8,0
20,0.3,8,0.25,bridge,8,2.1435,1,1,0,0,0,0,delay8,0
20,0.3,8,0.25,sbm,8,1.1757,1,1,0,0,0,0,protect_only,0
20,0.3,8,0.5,bridge,8,2.1452,1,1,0,0,0,0,delay8,0
20,0.3,8,0.5,sbm,8,1.2032,1,1,0,0,0,0,protect_only,0
20,0.3,8,1.0,bridge,8,2.1487,1,1,0,0,0,0,delay8,0
20,0.3,8,1.0,sbm,8,1.2536,1,1,0,0,0,0,protect_only,0
20,0.4,2,0.25,bridge,8,1.6265,1,1,0,0,0,0,delay8,0
20,0.4,2,0.25,sbm,8,1.0886,1,1,0,0,0,0,protect_only,0
20,0.4,2,0.5,bridge,8,1.6305,1,1,0,0,0,0,delay8,0
20,0.4,2,0.5,sbm,8,1.1363,1,1,0,0,0,0,protect_only,0
20,0.4,2,1.0,bridge,8,1.6384,1,1,0,0,0,0,delay8,0
20,0.4,2,1.0,sbm,8,1.1861,1,1,0,0,0,0,delay8,0
20,0.4,5,0.25,bridge,8,1.9196,1,1,0,0,0,0,delay8,0
20,0.4,5,0.25,sbm,8,1.0510,1,1,0,0,0,0,protect_only,0
20,0.4,5,0.5,bridge,8,1.9217,1,1,0,0,0,0,delay8,0
20,0.4,5,0.5,sbm,8,1.0864,1,1,0,0,0,0,protect_only,0
20,0.4,5,1.0,bridge,8,1.9258,1,1,0,0,0,0,delay8,0
20,0.4,5,1.0,sbm,8,1.1500,1,1,0,0,0,0,protect_only,0
20,0.4,8,0.25,bridge,8,2.0915,1,1,0,0,0,0,delay8,0
20,0.4,8,0.25,sbm,8,1.0305,1,1,0,0,0,0,protect_only,0
20,0.4,8,0.5,bridge,8,2.0927,1,1,0,0,0,0,delay8,0
20,0.4,8,0.5,sbm,8,1.0578,1,1,0,0,0,0,protect_only,0
20,0.4,8,1.0,bridge,8,2.0951,1,1,0,0,0,0,delay8,0
20,0.4,8,1.0,sbm,8,1.1084,1,1,0,0,0,0,protect_only,0
